Organizer,Link
CR Moto,https://www.crmoto.eu/
Gully Racing,https://www.gullyracing.it/
No Limits Trackdays,https://www.nolimitstrackdays.com/
MSV Trackdays (MSVT),https://bike.msvtrackdays.com/
Trackdays4all,https://trackdays4all.com/
Racecracks,https://www.racecracks.nl/
CRT Holland,https://crtholland.nl/en/
Bike Promotion,https://www.bike-promotion.com/
Speer Racing,https://www.speer-racing.de/en/
Rehm Race Days,https://www.rehmracedays.com/en/
Hafeneger Renntrainings,https://www.hafeneger-renntrainings.de/
Art Motor,https://www.artmotor.com/
EYBIS (BMW Motorrad Track Days),https://www.eybis.com/
DG Sport / Bikers’ Days,https://bikersdays.com/en/
DRRS – de Radiguès Rider School,https://www.drrs-moto.com/
ActivBike,https://activbike.net/en/
Box23 (BMC),https://www.box23.fr/
First On Track,https://www.first-on-track.com/
Promo Racing,https://www.promoracing.it/en/
PPO Track Days,https://ppotrackdays.com/
Redline Trackdays,https://www.redlinetrackdays.co.uk/
Race Shift,https://raceshift.co.uk/
Track Sense,https://www.tracksense.co.uk/
Flat Out Euro Track Days,https://www.flatouteurotrackdays.com/
GASSS – The Motorsport Company,https://www.gasss.eu/en/
BikePort,https://bikeport.no/eu/
Speed Day (Poland),https://speed-day.pl/
MotoRRaid,https://mrr.bike/
Trackdays Bulgaria,https://trackdays-bulgaria.com/
103 Octanos,https://103octanos.com/
CBO Track Days,https://www.circuitodenavarra.com/
Startnummer (CH),https://startnummer.ch/
Mototech (CH),https://mototech.ch/
GH-MOTO Racedays,https://www.gh-moto.com/
DG Sport (events hub),https://dgsport.eu/en/
Track Dudes,https://www.trackdudes.co.uk/
EuropaTrackdays – Organizers index,https://en.europatrackdays.com/organizers
Racecalendar.eu – Moto events,https://racecalendar.eu/moto-events/
